{
  "current": "Red and black",
  "presets": {
    "Red and black": {
      "customer_layout": "theme",
      "shop_bg_color": "#ffffff",
      "link_color": "#f45b4f",
      "nav_link_color": "#333333",
      "body_font_color": "#555555",
      "header_color": "#333333",
      "border_color": "#dddddd",
      "slide_1_link": "/collections/all",
      "slide_1_alt": "",
      "slide_2_link": "/collections/all",
      "slide_2_alt": "",
      "slide_3_link": "",
      "slide_3_alt": "",
      "slide_4_link": "",
      "slide_4_alt": "",
      "footer_linklist_title": "Quick Links",
      "footer_blog_post_header": "News",
      "footer_social_title": "Follow Us",
      "footer_newsletter_title": "Newsletter",
      "mailing_list_form_action": "",
      "twitter_link": "http://twitter.com/shopify",
      "facebook_link": "http://facebook.com/shopify",
      "google_link": "",
      "youtube_link": "",
      "vimeo_link": "",
      "pinterest_link": "",
      "instagram_link": "",
      "tumblr_link": "",
      "atom_link": "",
      "base_font": "Helvetica, Arial, sans-serif",
      "header_font": "Google+Cabin",
      "pagination_limit": "12",
      "products_per_row": "3",
      "use_logo": false,
      "use_favicon": false,
      "use_bg_image": false,
      "bg_alignment": "fill contained",
      "slide_1": false,
      "slide_2": false,
      "slide_3": false,
      "slide_4": false,
      "frontpage_collection_layout": "grid",
      "enable_product_image_zoom": false,
      "display_quantity_dropdown": false,
      "show_related_products": true,
      "collection_tags": true,
      "collection_sort": true,
      "footer_display_blog": true,
      "footer_display_navigation": true,
      "footer_display_social": true,
      "footer_display_newsletter": false,
      "accept_visa": true,
      "accept_mastercard": true,
      "accept_amex": true,
      "accept_discover": false,
      "accept_paypal": false,
      "accept_google": false,
      "accept_bitcoin": false,
      "display_slide_1": "false",
      "display_slide_2": "false",
      "display_slide_3": "false",
      "display_slide_4": "false",
      "display_search": "true",
      "enable_slideshowbanner": "true",
      "frontpage_collection": "frontpage",
      "homepage": "frontpage",
      "logo_alignment": "center",
      "button_text_color": "#ffffff",
      "tooltip_header_color": "#ffffff",
      "tooltip_body_color": "#96a7b6",
      "tooltip_link_color": "#479ccf"
    }
  }
}